"","CITY","STATE","PHYSICAL ZIP","POP","age0s","age10s","age20s","age30s","age40s","age50s","age60s","age70s","age80plus","type","kff_url","prices20","prices30","prices40","prices50","prices60"
"3","HUNTSVILLE","AL","35801",215006,11.1,12.2,17,13.7,10.9,12.7,11.1,7,4.5,"Urban","https://www.kff.org/interactive/subsidy-calculator/#state=al&zip=35801&income-type=dollars&income=500%2C000&people=1&alternate-plan-family=&adult-count=1&adults%5B0%5D%5Bage%5D=AGENUM&adults%5B0%5D%5Btobacco%5D=0&child-count=0",463,525,591,827,1256
"4","HUNTSVILLE","AL","35805",215006,11.1,12.2,17,13.7,10.9,12.7,11.1,7,4.5,"Urban","https://www.kff.org/interactive/subsidy-calculator/#state=al&zip=35805&income-type=dollars&income=500%2C000&people=1&alternate-plan-family=&adult-count=1&adults%5B0%5D%5Bage%5D=AGENUM&adults%5B0%5D%5Btobacco%5D=0&child-count=0",463,525,591,827,1256
"5","HUNTSVILLE","AL","35813",215006,11.1,12.2,17,13.7,10.9,12.7,11.1,7,4.5,"Urban","https://www.kff.org/interactive/subsidy-calculator/#state=al&zip=35813&income-type=dollars&income=500%2C000&people=1&alternate-plan-family=&adult-count=1&adults%5B0%5D%5Bage%5D=AGENUM&adults%5B0%5D%5Btobacco%5D=0&child-count=0",463,525,591,827,1256
"8","HUNTSVILLE","AL","35816",215006,11.1,12.2,17,13.7,10.9,12.7,11.1,7,4.5,"Urban","https://www.kff.org/interactive/subsidy-calculator/#state=al&zip=35816&income-type=dollars&income=500%2C000&people=1&alternate-plan-family=&adult-count=1&adults%5B0%5D%5Bage%5D=AGENUM&adults%5B0%5D%5Btobacco%5D=0&child-count=0",463,525,591,827,1256
"10","BIRMINGHAM","AL","35203",200733,10.9,10.9,18,14.1,10.6,12,13.1,6.9,3.6,"Urban","https://www.kff.org/interactive/subsidy-calculator/#state=al&zip=35203&income-type=dollars&income=500%2C000&people=1&alternate-plan-family=&adult-count=1&adults%5B0%5D%5Bage%5D=AGENUM&adults%5B0%5D%5Btobacco%5D=0&child-count=0",430,488,549,768,1166
"28","BIRMINGHAM","AL","35229",200733,10.9,10.9,18,14.1,10.6,12,13.1,6.9,3.6,"Urban","https://www.kff.org/interactive/subsidy-calculator/#state=al&zip=35229&income-type=dollars&income=500%2C000&people=1&alternate-plan-family=&adult-count=1&adults%5B0%5D%5Bage%5D=AGENUM&adults%5B0%5D%5Btobacco%5D=0&child-count=0",430,488,549,768,1166
"29","ANCHORAGE","AK",NA,291247,13,13,15.3,15.6,12,12.4,11,5.4,2,"Urban",NA,NA,NA,NA,NA,NA
"30","FAIRBANKS","AK","99709",32515,14.5,11.8,27.3,15,8.6,8.3,7.9,4.3,2.4,"Urban","https://www.kff.org/interactive/subsidy-calculator/#state=ak&zip=99709&income-type=dollars&income=500%2C000&people=1&alternate-plan-family=&adult-count=1&adults%5B0%5D%5Bage%5D=AGENUM&adults%5B0%5D%5Btobacco%5D=0&child-count=0",834,946,1065,1489,2262
"31","PHOENIX","AZ",NA,1608139,13.2,14.7,15.2,14.9,12.8,12.1,9.5,5.3,2.3,"Urban",NA,NA,NA,NA,NA,NA
"32","TUCSON","AZ","85726",542629,10.8,12.7,17.4,13.8,11,11.5,11.6,7.3,3.8,"Urban","https://www.kff.org/interactive/subsidy-calculator/#state=az&zip=85726&income-type=dollars&income=500%2C000&people=1&alternate-plan-family=&adult-count=1&adults%5B0%5D%5Bage%5D=AGENUM&adults%5B0%5D%5Btobacco%5D=0&child-count=0",286,324,365,510,775
"38","LITTLE ROCK","AR","72205",202591,12.2,12.5,14.6,14.6,12.4,11.9,11.6,6.8,3.5,"Urban","https://www.kff.org/interactive/subsidy-calculator/#state=ar&zip=72205&income-type=dollars&income=500%2C000&people=1&alternate-plan-family=&adult-count=1&adults%5B0%5D%5Bage%5D=AGENUM&adults%5B0%5D%5Btobacco%5D=0&child-count=0",358,406,458,639,972
"39","FAYETTEVILLE","AR",NA,93949,10.5,14.4,29.2,14.2,9.7,7.9,7.2,4.5,2.4,"Urban",NA,NA,NA,NA,NA,NA
"40","LOS ANGELES","CA","90001",3898747,10.2,11.7,16.7,16.7,13.3,12.4,10,5.8,3.3,"Urban","https://www.kff.org/interactive/subsidy-calculator/#state=ca&zip=90001&income-type=dollars&income=500%2C000&people=1&alternate-plan-family=&adult-count=1&adults%5B0%5D%5Bage%5D=AGENUM&adults%5B0%5D%5Btobacco%5D=0&child-count=0",321,364,410,572,870
"48","LOS ANGELES","CA","90049",3898747,10.2,11.7,16.7,16.7,13.3,12.4,10,5.8,3.3,"Urban","https://www.kff.org/interactive/subsidy-calculator/#state=ca&zip=90049&income-type=dollars&income=500%2C000&people=1&alternate-plan-family=&adult-count=1&adults%5B0%5D%5Bage%5D=AGENUM&adults%5B0%5D%5Btobacco%5D=0&child-count=0",321,364,410,572,870
"49","SAN DIEGO","CA","92122",1386932,10.2,11.6,18,16.4,12.5,11.8,10,6.1,3.3,"Urban","https://www.kff.org/interactive/subsidy-calculator/#state=ca&zip=92122&income-type=dollars&income=500%2C000&people=1&alternate-plan-family=&adult-count=1&adults%5B0%5D%5Bage%5D=AGENUM&adults%5B0%5D%5Btobacco%5D=0&child-count=0",344,391,440,614,934
"51","SAN DIEGO","CA","92136",1386932,10.2,11.6,18,16.4,12.5,11.8,10,6.1,3.3,"Urban","https://www.kff.org/interactive/subsidy-calculator/#state=ca&zip=92136&income-type=dollars&income=500%2C000&people=1&alternate-plan-family=&adult-count=1&adults%5B0%5D%5Bage%5D=AGENUM&adults%5B0%5D%5Btobacco%5D=0&child-count=0",344,391,440,614,934
"52","SAN DIEGO","CA","92140",1386932,10.2,11.6,18,16.4,12.5,11.8,10,6.1,3.3,"Urban","https://www.kff.org/interactive/subsidy-calculator/#state=ca&zip=92140&income-type=dollars&income=500%2C000&people=1&alternate-plan-family=&adult-count=1&adults%5B0%5D%5Bage%5D=AGENUM&adults%5B0%5D%5Btobacco%5D=0&child-count=0",344,391,440,614,934
"53","SAN DIEGO","CA","92145",1386932,10.2,11.6,18,16.4,12.5,11.8,10,6.1,3.3,"Urban","https://www.kff.org/interactive/subsidy-calculator/#state=ca&zip=92145&income-type=dollars&income=500%2C000&people=1&alternate-plan-family=&adult-count=1&adults%5B0%5D%5Bage%5D=AGENUM&adults%5B0%5D%5Btobacco%5D=0&child-count=0",344,391,440,614,934
"54","SAN DIEGO","CA","92199",1386932,10.2,11.6,18,16.4,12.5,11.8,10,6.1,3.3,"Urban","https://www.kff.org/interactive/subsidy-calculator/#state=ca&zip=92199&income-type=dollars&income=500%2C000&people=1&alternate-plan-family=&adult-count=1&adults%5B0%5D%5Bage%5D=AGENUM&adults%5B0%5D%5Btobacco%5D=0&child-count=0",344,391,440,614,934
"63","DENVER","CO","80202",715522,10.6,10.3,19.4,20.6,12.7,10,8.7,5.3,2.5,"Urban","https://www.kff.org/interactive/subsidy-calculator/#state=co&zip=80202&income-type=dollars&income=500%2C000&people=1&alternate-plan-family=&adult-count=1&adults%5B0%5D%5Bage%5D=AGENUM&adults%5B0%5D%5Btobacco%5D=0&child-count=0",342,388,437,611,929
"65","DENVER","CO","80210",715522,10.6,10.3,19.4,20.6,12.7,10,8.7,5.3,2.5,"Urban","https://www.kff.org/interactive/subsidy-calculator/#state=co&zip=80210&income-type=dollars&income=500%2C000&people=1&alternate-plan-family=&adult-count=1&adults%5B0%5D%5Bage%5D=AGENUM&adults%5B0%5D%5Btobacco%5D=0&child-count=0",342,388,437,611,929
"66","DENVER","CO","80217",715522,10.6,10.3,19.4,20.6,12.7,10,8.7,5.3,2.5,"Urban","https://www.kff.org/interactive/subsidy-calculator/#state=co&zip=80217&income-type=dollars&income=500%2C000&people=1&alternate-plan-family=&adult-count=1&adults%5B0%5D%5Bage%5D=AGENUM&adults%5B0%5D%5Btobacco%5D=0&child-count=0",342,388,437,611,929
"74","DENVER","CO","80218",715522,10.6,10.3,19.4,20.6,12.7,10,8.7,5.3,2.5,"Urban","https://www.kff.org/interactive/subsidy-calculator/#state=co&zip=80218&income-type=dollars&income=500%2C000&people=1&alternate-plan-family=&adult-count=1&adults%5B0%5D%5Bage%5D=AGENUM&adults%5B0%5D%5Btobacco%5D=0&child-count=0",342,388,437,611,929
"75","COLORADO SPRINGS","CO","80903",478961,12.1,12.8,15.9,14.9,11.8,11.9,10.9,6.4,3.2,"Urban","https://www.kff.org/interactive/subsidy-calculator/#state=co&zip=80903&income-type=dollars&income=500%2C000&people=1&alternate-plan-family=&adult-count=1&adults%5B0%5D%5Bage%5D=AGENUM&adults%5B0%5D%5Btobacco%5D=0&child-count=0",355,403,454,634,964
"79","COLORADO SPRINGS","CO","80909",478961,12.1,12.8,15.9,14.9,11.8,11.9,10.9,6.4,3.2,"Urban","https://www.kff.org/interactive/subsidy-calculator/#state=co&zip=80909&income-type=dollars&income=500%2C000&people=1&alternate-plan-family=&adult-count=1&adults%5B0%5D%5Bage%5D=AGENUM&adults%5B0%5D%5Btobacco%5D=0&child-count=0",355,403,454,634,964
"81","COLORADO SPRINGS","CO","80910",478961,12.1,12.8,15.9,14.9,11.8,11.9,10.9,6.4,3.2,"Urban","https://www.kff.org/interactive/subsidy-calculator/#state=co&zip=80910&income-type=dollars&income=500%2C000&people=1&alternate-plan-family=&adult-count=1&adults%5B0%5D%5Bage%5D=AGENUM&adults%5B0%5D%5Btobacco%5D=0&child-count=0",355,403,454,634,964
"82","COLORADO SPRINGS","CO","80920",478961,12.1,12.8,15.9,14.9,11.8,11.9,10.9,6.4,3.2,"Urban","https://www.kff.org/interactive/subsidy-calculator/#state=co&zip=80920&income-type=dollars&income=500%2C000&people=1&alternate-plan-family=&adult-count=1&adults%5B0%5D%5Bage%5D=AGENUM&adults%5B0%5D%5Btobacco%5D=0&child-count=0",355,403,454,634,964
"83","BRIDGEPORT","CT","06602",148654,12.4,14.4,15.2,14.8,12.7,12.7,9.6,5.3,2.9,"Urban","https://www.kff.org/interactive/subsidy-calculator/#state=ct&zip=06602&income-type=dollars&income=500%2C000&people=1&alternate-plan-family=&adult-count=1&adults%5B0%5D%5Bage%5D=AGENUM&adults%5B0%5D%5Btobacco%5D=0&child-count=0",581,659,742,1037,1576
"85","STAMFORD","CT","06902",135470,11.1,11,15.1,16.7,12.4,12.7,10.5,6.3,4.2,"Urban","https://www.kff.org/interactive/subsidy-calculator/#state=ct&zip=06902&income-type=dollars&income=500%2C000&people=1&alternate-plan-family=&adult-count=1&adults%5B0%5D%5Bage%5D=AGENUM&adults%5B0%5D%5Btobacco%5D=0&child-count=0",581,659,742,1037,1576
"87","STAMFORD","CT","06907",135470,11.1,11,15.1,16.7,12.4,12.7,10.5,6.3,4.2,"Urban","https://www.kff.org/interactive/subsidy-calculator/#state=ct&zip=06907&income-type=dollars&income=500%2C000&people=1&alternate-plan-family=&adult-count=1&adults%5B0%5D%5Bage%5D=AGENUM&adults%5B0%5D%5Btobacco%5D=0&child-count=0",581,659,742,1037,1576
"89","WILMINGTON","DE","19801",70898,12.6,13,14.7,15.4,11.3,12.6,11.1,6.2,3.1,"Urban","https://www.kff.org/interactive/subsidy-calculator/#state=de&zip=19801&income-type=dollars&income=500%2C000&people=1&alternate-plan-family=&adult-count=1&adults%5B0%5D%5Bage%5D=AGENUM&adults%5B0%5D%5Btobacco%5D=0&child-count=0",418,474,534,746,1133
"92","WILMINGTON","DE","19803",70898,12.6,13,14.7,15.4,11.3,12.6,11.1,6.2,3.1,"Urban","https://www.kff.org/interactive/subsidy-calculator/#state=de&zip=19803&income-type=dollars&income=500%2C000&people=1&alternate-plan-family=&adult-count=1&adults%5B0%5D%5Bage%5D=AGENUM&adults%5B0%5D%5Btobacco%5D=0&child-count=0",418,474,534,746,1133
"95","DOVER","DE",NA,39403,12,14.1,20,12.2,9.5,10.4,10.3,7.1,4.5,"Urban",NA,NA,NA,NA,NA,NA
"96","JACKSONVILLE","FL","32244",949611,12,12.2,14.7,14.5,12,13,11.5,6.7,3.2,"Urban","https://www.kff.org/interactive/subsidy-calculator/#state=fl&zip=32244&income-type=dollars&income=500%2C000&people=1&alternate-plan-family=&adult-count=1&adults%5B0%5D%5Bage%5D=AGENUM&adults%5B0%5D%5Btobacco%5D=0&child-count=0",372,422,475,664,1009
"97","MIAMI","FL","33112",442241,9.3,9.1,14.5,17.5,13.8,13.5,10.4,7.1,4.9,"Urban","https://www.kff.org/interactive/subsidy-calculator/#state=fl&zip=33112&income-type=dollars&income=500%2C000&people=1&alternate-plan-family=&adult-count=1&adults%5B0%5D%5Bage%5D=AGENUM&adults%5B0%5D%5Btobacco%5D=0&child-count=0",403,457,515,719,1093
"98","MIAMI","FL","33152",442241,9.3,9.1,14.5,17.5,13.8,13.5,10.4,7.1,4.9,"Urban","https://www.kff.org/interactive/subsidy-calculator/#state=fl&zip=33152&income-type=dollars&income=500%2C000&people=1&alternate-plan-family=&adult-count=1&adults%5B0%5D%5Bage%5D=AGENUM&adults%5B0%5D%5Btobacco%5D=0&child-count=0",403,457,515,719,1093
"100","MIAMI","FL","33184",442241,9.3,9.1,14.5,17.5,13.8,13.5,10.4,7.1,4.9,"Urban","https://www.kff.org/interactive/subsidy-calculator/#state=fl&zip=33184&income-type=dollars&income=500%2C000&people=1&alternate-plan-family=&adult-count=1&adults%5B0%5D%5Bage%5D=AGENUM&adults%5B0%5D%5Btobacco%5D=0&child-count=0",403,457,515,719,1093
"101","ATLANTA","GA","30304",498715,9.8,10.6,22.6,18.7,12.1,10.5,8.2,5,2.6,"Urban","https://www.kff.org/interactive/subsidy-calculator/#state=ga&zip=30304&income-type=dollars&income=500%2C000&people=1&alternate-plan-family=&adult-count=1&adults%5B0%5D%5Bage%5D=AGENUM&adults%5B0%5D%5Btobacco%5D=0&child-count=0",405,460,518,724,1100
"113","ATLANTA","GA","30332",498715,9.8,10.6,22.6,18.7,12.1,10.5,8.2,5,2.6,"Urban","https://www.kff.org/interactive/subsidy-calculator/#state=ga&zip=30332&income-type=dollars&income=500%2C000&people=1&alternate-plan-family=&adult-count=1&adults%5B0%5D%5Bage%5D=AGENUM&adults%5B0%5D%5Btobacco%5D=0&child-count=0",405,460,518,724,1100
"114","ATLANTA","GA","30336",498715,9.8,10.6,22.6,18.7,12.1,10.5,8.2,5,2.6,"Urban","https://www.kff.org/interactive/subsidy-calculator/#state=ga&zip=30336&income-type=dollars&income=500%2C000&people=1&alternate-plan-family=&adult-count=1&adults%5B0%5D%5Bage%5D=AGENUM&adults%5B0%5D%5Btobacco%5D=0&child-count=0",405,460,518,724,1100
"115","ATLANTA","GA","30340",498715,9.8,10.6,22.6,18.7,12.1,10.5,8.2,5,2.6,"Urban","https://www.kff.org/interactive/subsidy-calculator/#state=ga&zip=30340&income-type=dollars&income=500%2C000&people=1&alternate-plan-family=&adult-count=1&adults%5B0%5D%5Bage%5D=AGENUM&adults%5B0%5D%5Btobacco%5D=0&child-count=0",405,460,518,724,1100
"116","COLUMBUS","GA","31907",206922,13.2,13.6,14.9,14,11.5,11.9,11.3,6.4,3.3,"Urban","https://www.kff.org/interactive/subsidy-calculator/#state=ga&zip=31907&income-type=dollars&income=500%2C000&people=1&alternate-plan-family=&adult-count=1&adults%5B0%5D%5Bage%5D=AGENUM&adults%5B0%5D%5Btobacco%5D=0&child-count=0",382,434,488,682,1037
"120","URBAN HONOLULU","HI",NA,350964,9.2,9.6,13.3,14,12.4,13.3,13.1,8.9,6,"Urban",NA,NA,NA,NA,NA,NA
"121","EAST HONOLULU","HI",NA,50922,8.5,11.7,7.8,9.2,12.3,15.1,15.1,12.6,7.7,"Urban",NA,NA,NA,NA,NA,NA
"122","BOISE CITY","ID",NA,235684,10.7,12.8,16,14.6,12.3,11.8,11.3,7,3.5,"Urban",NA,NA,NA,NA,NA,NA
"123","MERIDIAN","ID",NA,117635,14.4,16.7,11.4,14.1,13.9,11,9.1,6.5,3.1,"Urban",NA,NA,NA,NA,NA,NA
"124","CHICAGO","IL","60604",2746388,10.9,11.5,17.9,17.4,12.7,11.5,9.8,5.5,2.9,"Urban","https://www.kff.org/interactive/subsidy-calculator/#state=il&zip=60604&income-type=dollars&income=500%2C000&people=1&alternate-plan-family=&adult-count=1&adults%5B0%5D%5Bage%5D=AGENUM&adults%5B0%5D%5Btobacco%5D=0&child-count=0",312,354,398,556,846
"125","CHICAGO","IL","60699",2746388,10.9,11.5,17.9,17.4,12.7,11.5,9.8,5.5,2.9,"Urban","https://www.kff.org/interactive/subsidy-calculator/#state=il&zip=60699&income-type=dollars&income=500%2C000&people=1&alternate-plan-family=&adult-count=1&adults%5B0%5D%5Bage%5D=AGENUM&adults%5B0%5D%5Btobacco%5D=0&child-count=0",312,354,398,556,846
"144","AURORA","IL","60505",180542,13.5,16.5,13.6,14.2,14.9,12.4,8.4,4.4,2,"Urban","https://www.kff.org/interactive/subsidy-calculator/#state=il&zip=60505&income-type=dollars&income=500%2C000&people=1&alternate-plan-family=&adult-count=1&adults%5B0%5D%5Bage%5D=AGENUM&adults%5B0%5D%5Btobacco%5D=0&child-count=0",312,354,399,558,847
"145","AURORA","IL","60598",180542,13.5,16.5,13.6,14.2,14.9,12.4,8.4,4.4,2,"Urban","https://www.kff.org/interactive/subsidy-calculator/#state=il&zip=60598&income-type=dollars&income=500%2C000&people=1&alternate-plan-family=&adult-count=1&adults%5B0%5D%5Bage%5D=AGENUM&adults%5B0%5D%5Btobacco%5D=0&child-count=0",312,354,399,558,847
"147","INDIANAPOLIS CITY (BALANCE)","IN",NA,887642,13.4,13.4,16,15.2,11.9,11.6,10.4,5.4,2.7,"Urban",NA,NA,NA,NA,NA,NA
"148","FORT WAYNE","IN","46802",263886,13.9,13.8,15,13.4,11.6,11.4,11.2,6.4,3.5,"Urban","https://www.kff.org/interactive/subsidy-calculator/#state=in&zip=46802&income-type=dollars&income=500%2C000&people=1&alternate-plan-family=&adult-count=1&adults%5B0%5D%5Bage%5D=AGENUM&adults%5B0%5D%5Btobacco%5D=0&child-count=0",329,373,420,587,892
"149","DES MOINES","IA","50318",214133,13.1,13.2,16.1,14.9,11.7,11.8,10.4,5.7,3.1,"Urban","https://www.kff.org/interactive/subsidy-calculator/#state=ia&zip=50318&income-type=dollars&income=500%2C000&people=1&alternate-plan-family=&adult-count=1&adults%5B0%5D%5Bage%5D=AGENUM&adults%5B0%5D%5Btobacco%5D=0&child-count=0",321,364,410,573,870
"176","CEDAR RAPIDS","IA","52401",137710,12.5,12.9,15.2,14.2,11.6,11.8,10.8,6.6,4.4,"Urban","https://www.kff.org/interactive/subsidy-calculator/#state=ia&zip=52401&income-type=dollars&income=500%2C000&people=1&alternate-plan-family=&adult-count=1&adults%5B0%5D%5Bage%5D=AGENUM&adults%5B0%5D%5Btobacco%5D=0&child-count=0",332,377,425,593,902
"179","WICHITA","KS","67208",397532,13.2,14.1,14.8,13.5,11.3,11.8,11.4,6.4,3.4,"Urban","https://www.kff.org/interactive/subsidy-calculator/#state=ks&zip=67208&income-type=dollars&income=500%2C000&people=1&alternate-plan-family=&adult-count=1&adults%5B0%5D%5Bage%5D=AGENUM&adults%5B0%5D%5Btobacco%5D=0&child-count=0",397,450,507,709,1077
"180","OVERLAND PARK","KS",NA,197238,12,12.8,13.1,14,12.6,12.7,11.3,7.2,4.1,"Urban",NA,NA,NA,NA,NA,NA
"181","LOUISVILLE/JEFFERSON COUNTY METRO GOVERNMENT (BALANCE)","KY",NA,386884,12.2,12.9,12.3,13.1,12.8,13.2,12.1,7.3,3.8,"Urban",NA,NA,NA,NA,NA,NA
"182","LEXINGTON-FAYETTE URBAN","KY",NA,322570,11.6,13.3,17.2,14.5,12.2,11.2,10.3,6.2,3.2,"Urban",NA,NA,NA,NA,NA,NA
"183","NEW ORLEANS","LA","70113",383997,11.1,11.9,16.1,16.6,11.7,11.7,11.6,6.4,3,"Urban","https://www.kff.org/interactive/subsidy-calculator/#state=la&zip=70113&income-type=dollars&income=500%2C000&people=1&alternate-plan-family=&adult-count=1&adults%5B0%5D%5Bage%5D=AGENUM&adults%5B0%5D%5Btobacco%5D=0&child-count=0",369,419,472,660,1003
"193","NEW ORLEANS","LA","70114",383997,11.1,11.9,16.1,16.6,11.7,11.7,11.6,6.4,3,"Urban","https://www.kff.org/interactive/subsidy-calculator/#state=la&zip=70114&income-type=dollars&income=500%2C000&people=1&alternate-plan-family=&adult-count=1&adults%5B0%5D%5Bage%5D=AGENUM&adults%5B0%5D%5Btobacco%5D=0&child-count=0",369,419,472,660,1003
"194","BATON ROUGE","LA","70801",227470,11.6,15,19.6,13.2,10.1,10.5,10.5,6.1,3.3,"Urban","https://www.kff.org/interactive/subsidy-calculator/#state=la&zip=70801&income-type=dollars&income=500%2C000&people=1&alternate-plan-family=&adult-count=1&adults%5B0%5D%5Bage%5D=AGENUM&adults%5B0%5D%5Btobacco%5D=0&child-count=0",387,440,495,692,1051
"198","BATON ROUGE","LA","70810",227470,11.6,15,19.6,13.2,10.1,10.5,10.5,6.1,3.3,"Urban","https://www.kff.org/interactive/subsidy-calculator/#state=la&zip=70810&income-type=dollars&income=500%2C000&people=1&alternate-plan-family=&adult-count=1&adults%5B0%5D%5Bage%5D=AGENUM&adults%5B0%5D%5Btobacco%5D=0&child-count=0",387,440,495,692,1051
"199","BATON ROUGE","LA","70817",227470,11.6,15,19.6,13.2,10.1,10.5,10.5,6.1,3.3,"Urban","https://www.kff.org/interactive/subsidy-calculator/#state=la&zip=70817&income-type=dollars&income=500%2C000&people=1&alternate-plan-family=&adult-count=1&adults%5B0%5D%5Bage%5D=AGENUM&adults%5B0%5D%5Btobacco%5D=0&child-count=0",387,440,495,692,1051
"200","PORTLAND","ME","04101",68408,8.7,8.4,18,18.4,11.9,12.1,11.7,6.9,4,"Urban","https://www.kff.org/interactive/subsidy-calculator/#state=me&zip=04101&income-type=dollars&income=500%2C000&people=1&alternate-plan-family=&adult-count=1&adults%5B0%5D%5Bage%5D=AGENUM&adults%5B0%5D%5Btobacco%5D=0&child-count=0",408,463,522,729,1108
"203","LEWISTON","ME",NA,37121,11.9,14.2,13.5,13,11.4,12.7,11,7.7,4.7,"Urban",NA,NA,NA,NA,NA,NA
"204","BALTIMORE","MD","21233",585708,10.9,11.2,17.7,16.7,10.7,12.1,11.3,6.2,3.2,"Urban","https://www.kff.org/interactive/subsidy-calculator/#state=md&zip=21233&income-type=dollars&income=500%2C000&people=1&alternate-plan-family=&adult-count=1&adults%5B0%5D%5Bage%5D=AGENUM&adults%5B0%5D%5Btobacco%5D=0&child-count=0",286,324,365,511,776
"215","BALTIMORE","MD","21239",585708,10.9,11.2,17.7,16.7,10.7,12.1,11.3,6.2,3.2,"Urban","https://www.kff.org/interactive/subsidy-calculator/#state=md&zip=21239&income-type=dollars&income=500%2C000&people=1&alternate-plan-family=&adult-count=1&adults%5B0%5D%5Bage%5D=AGENUM&adults%5B0%5D%5Btobacco%5D=0&child-count=0",286,324,365,511,776
"216","COLUMBIA","MD",NA,104681,11.8,12.6,13.1,14.6,13,13.1,11,7.5,3.3,"Urban",NA,NA,NA,NA,NA,NA
"217","BOSTON","MA","02114",675647,8.4,10.2,27.1,17.4,9.8,10,8.7,5.4,3,"Urban","https://www.kff.org/interactive/subsidy-calculator/#state=ma&zip=02114&income-type=dollars&income=500%2C000&people=1&alternate-plan-family=&adult-count=1&adults%5B0%5D%5Bage%5D=AGENUM&adults%5B0%5D%5Btobacco%5D=0&child-count=0",379,412,446,558,758
"218","BOSTON","MA","02116",675647,8.4,10.2,27.1,17.4,9.8,10,8.7,5.4,3,"Urban","https://www.kff.org/interactive/subsidy-calculator/#state=ma&zip=02116&income-type=dollars&income=500%2C000&people=1&alternate-plan-family=&adult-count=1&adults%5B0%5D%5Bage%5D=AGENUM&adults%5B0%5D%5Btobacco%5D=0&child-count=0",379,412,446,558,758
"219","BOSTON","MA","02205",675647,8.4,10.2,27.1,17.4,9.8,10,8.7,5.4,3,"Urban","https://www.kff.org/interactive/subsidy-calculator/#state=ma&zip=02205&income-type=dollars&income=500%2C000&people=1&alternate-plan-family=&adult-count=1&adults%5B0%5D%5Bage%5D=AGENUM&adults%5B0%5D%5Btobacco%5D=0&child-count=0",379,412,446,558,758
"225","WORCESTER","MA","01613",206518,10.8,13.5,19,14.2,11.3,12,10.3,5.6,3.4,"Urban","https://www.kff.org/interactive/subsidy-calculator/#state=ma&zip=01613&income-type=dollars&income=500%2C000&people=1&alternate-plan-family=&adult-count=1&adults%5B0%5D%5Bage%5D=AGENUM&adults%5B0%5D%5Btobacco%5D=0&child-count=0",392,426,461,576,783
"226","DETROIT","MI","48233",639111,13.9,13.9,15.1,13.2,11.8,12.2,11.2,6,2.9,"Urban","https://www.kff.org/interactive/subsidy-calculator/#state=mi&zip=48233&income-type=dollars&income=500%2C000&people=1&alternate-plan-family=&adult-count=1&adults%5B0%5D%5Bage%5D=AGENUM&adults%5B0%5D%5Btobacco%5D=0&child-count=0",282,320,360,503,765
"241","GRAND RAPIDS","MI","49501",198917,12.3,12.2,22,15.9,10,9.8,9.3,5,3.5,"Urban","https://www.kff.org/interactive/subsidy-calculator/#state=mi&zip=49501&income-type=dollars&income=500%2C000&people=1&alternate-plan-family=&adult-count=1&adults%5B0%5D%5Bage%5D=AGENUM&adults%5B0%5D%5Btobacco%5D=0&child-count=0",311,353,397,555,843
"245","MINNEAPOLIS","MN","55401",429954,10.8,10.9,22.6,18.6,11.5,10.1,8.8,4.7,1.9,"Urban","https://www.kff.org/interactive/subsidy-calculator/#state=mn&zip=55401&income-type=dollars&income=500%2C000&people=1&alternate-plan-family=&adult-count=1&adults%5B0%5D%5Bage%5D=AGENUM&adults%5B0%5D%5Btobacco%5D=0&child-count=0",247,280,315,440,669
"254","ST. PAUL","MN",NA,311527,13.4,13.7,17.8,16,11.1,10.9,9.6,5,2.5,"Urban",NA,NA,NA,NA,NA,NA
"255","JACKSON","MS","39201",153701,12.1,13.9,15.5,13,11.4,12.2,12.3,6.4,3.1,"Urban","https://www.kff.org/interactive/subsidy-calculator/#state=ms&zip=39201&income-type=dollars&income=500%2C000&people=1&alternate-plan-family=&adult-count=1&adults%5B0%5D%5Bage%5D=AGENUM&adults%5B0%5D%5Btobacco%5D=0&child-count=0",380,431,486,679,1031
"256","JACKSON","MS","39209",153701,12.1,13.9,15.5,13,11.4,12.2,12.3,6.4,3.1,"Urban","https://www.kff.org/interactive/subsidy-calculator/#state=ms&zip=39209&income-type=dollars&income=500%2C000&people=1&alternate-plan-family=&adult-count=1&adults%5B0%5D%5Bage%5D=AGENUM&adults%5B0%5D%5Btobacco%5D=0&child-count=0",380,431,486,679,1031
"257","GULFPORT","MS",NA,72926,12.9,13.2,13.8,13.7,11.6,12.2,12,7.1,3.5,"Urban",NA,NA,NA,NA,NA,NA
"258","KANSAS CITY","MO","64108",508090,12.5,12.2,16.6,15.8,11.9,11.8,10.5,5.8,2.9,"Urban","https://www.kff.org/interactive/subsidy-calculator/#state=mo&zip=64108&income-type=dollars&income=500%2C000&people=1&alternate-plan-family=&adult-count=1&adults%5B0%5D%5Bage%5D=AGENUM&adults%5B0%5D%5Btobacco%5D=0&child-count=0",370,419,472,660,1003
"262","KANSAS CITY","MO","64116",508090,12.5,12.2,16.6,15.8,11.9,11.8,10.5,5.8,2.9,"Urban","https://www.kff.org/interactive/subsidy-calculator/#state=mo&zip=64116&income-type=dollars&income=500%2C000&people=1&alternate-plan-family=&adult-count=1&adults%5B0%5D%5Bage%5D=AGENUM&adults%5B0%5D%5Btobacco%5D=0&child-count=0",370,419,472,660,1003
"264","KANSAS CITY","MO","64121",508090,12.5,12.2,16.6,15.8,11.9,11.8,10.5,5.8,2.9,"Urban","https://www.kff.org/interactive/subsidy-calculator/#state=mo&zip=64121&income-type=dollars&income=500%2C000&people=1&alternate-plan-family=&adult-count=1&adults%5B0%5D%5Bage%5D=AGENUM&adults%5B0%5D%5Btobacco%5D=0&child-count=0",370,419,472,660,1003
"269","ST. LOUIS","MO",NA,301578,10.2,10.2,19.1,17.3,11.4,11.8,11.7,5.6,2.7,"Urban",NA,NA,NA,NA,NA,NA
"270","BILLINGS","MT","59101",117116,12.3,12.5,13.7,14.5,11.2,11.4,12.1,7.8,4.7,"Urban","https://www.kff.org/interactive/subsidy-calculator/#state=mt&zip=59101&income-type=dollars&income=500%2C000&people=1&alternate-plan-family=&adult-count=1&adults%5B0%5D%5Bage%5D=AGENUM&adults%5B0%5D%5Btobacco%5D=0&child-count=0",472,536,604,844,1282
"276","MISSOULA","MT","59801",73489,10.1,11.1,20.2,16.6,11.7,9.8,10.5,6.7,3.5,"Urban","https://www.kff.org/interactive/subsidy-calculator/#state=mt&zip=59801&income-type=dollars&income=500%2C000&people=1&alternate-plan-family=&adult-count=1&adults%5B0%5D%5Bage%5D=AGENUM&adults%5B0%5D%5Btobacco%5D=0&child-count=0",419,476,536,748,1137
"277","OMAHA","NE","68106",486051,13.4,13.9,15.6,14.6,11.4,11.5,10.5,5.9,3.1,"Urban","https://www.kff.org/interactive/subsidy-calculator/#state=ne&zip=68106&income-type=dollars&income=500%2C000&people=1&alternate-plan-family=&adult-count=1&adults%5B0%5D%5Bage%5D=AGENUM&adults%5B0%5D%5Btobacco%5D=0&child-count=0",439,499,562,785,1193
"278","OMAHA","NE","68108",486051,13.4,13.9,15.6,14.6,11.4,11.5,10.5,5.9,3.1,"Urban","https://www.kff.org/interactive/subsidy-calculator/#state=ne&zip=68108&income-type=dollars&income=500%2C000&people=1&alternate-plan-family=&adult-count=1&adults%5B0%5D%5Bage%5D=AGENUM&adults%5B0%5D%5Btobacco%5D=0&child-count=0",439,499,562,785,1193
"287","LINCOLN","NE","68501",291082,12.3,14.2,17.7,14.2,11.3,10.4,10.3,6.3,3.2,"Urban","https://www.kff.org/interactive/subsidy-calculator/#state=ne&zip=68501&income-type=dollars&income=500%2C000&people=1&alternate-plan-family=&adult-count=1&adults%5B0%5D%5Bage%5D=AGENUM&adults%5B0%5D%5Btobacco%5D=0&child-count=0",459,520,586,819,1244
"288","LAS VEGAS","NV","89106",641903,12.2,13.5,13,13.9,13.2,12.8,10.9,7.2,3.3,"Urban","https://www.kff.org/interactive/subsidy-calculator/#state=nv&zip=89106&income-type=dollars&income=500%2C000&people=1&alternate-plan-family=&adult-count=1&adults%5B0%5D%5Bage%5D=AGENUM&adults%5B0%5D%5Btobacco%5D=0&child-count=0",298,339,381,533,810
"289","LAS VEGAS","NV","89199",641903,12.2,13.5,13,13.9,13.2,12.8,10.9,7.2,3.3,"Urban","https://www.kff.org/interactive/subsidy-calculator/#state=nv&zip=89199&income-type=dollars&income=500%2C000&people=1&alternate-plan-family=&adult-count=1&adults%5B0%5D%5Bage%5D=AGENUM&adults%5B0%5D%5Btobacco%5D=0&child-count=0",298,339,381,533,810
"296","HENDERSON","NV",NA,317610,10.5,12.3,11,12.9,13.4,13.6,12.7,9.9,3.9,"Urban",NA,NA,NA,NA,NA,NA
"297","MANCHESTER","NH","03103",115644,10.4,10.6,17.2,15.7,11.4,13.3,11.5,6.3,3.6,"Urban","https://www.kff.org/interactive/subsidy-calculator/#state=nh&zip=03103&income-type=dollars&income=500%2C000&people=1&alternate-plan-family=&adult-count=1&adults%5B0%5D%5Bage%5D=AGENUM&adults%5B0%5D%5Btobacco%5D=0&child-count=0",254,288,324,453,689
"298","NASHUA","NH",NA,91322,10.1,11.3,13.6,14.3,12.2,14.6,12.5,7.2,4,"Urban",NA,NA,NA,NA,NA,NA
"299","NEWARK","NJ","07102",311549,13.5,14.6,15.2,15.9,13.6,12.2,8.5,4.4,2,"Urban","https://www.kff.org/interactive/subsidy-calculator/#state=nj&zip=07102&income-type=dollars&income=500%2C000&people=1&alternate-plan-family=&adult-count=1&adults%5B0%5D%5Bage%5D=AGENUM&adults%5B0%5D%5Btobacco%5D=0&child-count=0",382,433,488,682,1036
"309","JERSEY CITY","NJ","07302",292449,12,9.2,19.1,22.6,12.5,10.3,8,4.4,2,"Urban","https://www.kff.org/interactive/subsidy-calculator/#state=nj&zip=07302&income-type=dollars&income=500%2C000&people=1&alternate-plan-family=&adult-count=1&adults%5B0%5D%5Bage%5D=AGENUM&adults%5B0%5D%5Btobacco%5D=0&child-count=0",382,433,488,682,1036
"312","ALBUQUERQUE","NM","87101",564559,10.8,12.9,14.4,14.4,12,12.3,11.9,7.6,3.8,"Urban","https://www.kff.org/interactive/subsidy-calculator/#state=nm&zip=87101&income-type=dollars&income=500%2C000&people=1&alternate-plan-family=&adult-count=1&adults%5B0%5D%5Bage%5D=AGENUM&adults%5B0%5D%5Btobacco%5D=0&child-count=0",352,400,450,629,956
"315","ALBUQUERQUE","NM","87116",564559,10.8,12.9,14.4,14.4,12,12.3,11.9,7.6,3.8,"Urban","https://www.kff.org/interactive/subsidy-calculator/#state=nm&zip=87116&income-type=dollars&income=500%2C000&people=1&alternate-plan-family=&adult-count=1&adults%5B0%5D%5Bage%5D=AGENUM&adults%5B0%5D%5Btobacco%5D=0&child-count=0",352,400,450,629,956
"316","LAS CRUCES","NM",NA,111385,12.2,13.7,16.4,13.6,10.5,10.4,11.1,7.8,4.3,"Urban",NA,NA,NA,NA,NA,NA
"368","CHARLOTTE","NC","28204",874579,12.3,13.1,16.9,16.6,13.4,11.7,8.8,4.9,2.2,"Urban","https://www.kff.org/interactive/subsidy-calculator/#state=nc&zip=28204&income-type=dollars&income=500%2C000&people=1&alternate-plan-family=&adult-count=1&adults%5B0%5D%5Bage%5D=AGENUM&adults%5B0%5D%5Btobacco%5D=0&child-count=0",379,430,484,677,1028
"370","CHARLOTTE","NC","28213",874579,12.3,13.1,16.9,16.6,13.4,11.7,8.8,4.9,2.2,"Urban","https://www.kff.org/interactive/subsidy-calculator/#state=nc&zip=28213&income-type=dollars&income=500%2C000&people=1&alternate-plan-family=&adult-count=1&adults%5B0%5D%5Bage%5D=AGENUM&adults%5B0%5D%5Btobacco%5D=0&child-count=0",379,430,484,677,1028
"371","CHARLOTTE","NC","28228",874579,12.3,13.1,16.9,16.6,13.4,11.7,8.8,4.9,2.2,"Urban","https://www.kff.org/interactive/subsidy-calculator/#state=nc&zip=28228&income-type=dollars&income=500%2C000&people=1&alternate-plan-family=&adult-count=1&adults%5B0%5D%5Bage%5D=AGENUM&adults%5B0%5D%5Btobacco%5D=0&child-count=0",379,430,484,677,1028
"381","RALEIGH","NC","27601",467665,11.2,12.8,19.3,16.1,12.9,11.2,8.6,5.1,2.7,"Urban","https://www.kff.org/interactive/subsidy-calculator/#state=nc&zip=27601&income-type=dollars&income=500%2C000&people=1&alternate-plan-family=&adult-count=1&adults%5B0%5D%5Bage%5D=AGENUM&adults%5B0%5D%5Btobacco%5D=0&child-count=0",375,425,479,669,1017
"384","RALEIGH","NC","27613",467665,11.2,12.8,19.3,16.1,12.9,11.2,8.6,5.1,2.7,"Urban","https://www.kff.org/interactive/subsidy-calculator/#state=nc&zip=27613&income-type=dollars&income=500%2C000&people=1&alternate-plan-family=&adult-count=1&adults%5B0%5D%5Bage%5D=AGENUM&adults%5B0%5D%5Btobacco%5D=0&child-count=0",387,439,495,691,1050
"385","RALEIGH","NC","27676",467665,11.2,12.8,19.3,16.1,12.9,11.2,8.6,5.1,2.7,"Urban","https://www.kff.org/interactive/subsidy-calculator/#state=nc&zip=27676&income-type=dollars&income=500%2C000&people=1&alternate-plan-family=&adult-count=1&adults%5B0%5D%5Bage%5D=AGENUM&adults%5B0%5D%5Btobacco%5D=0&child-count=0",387,439,495,691,1050
"391","FARGO","ND","58102",125990,12,12,21.8,15.6,10.6,9.9,9.7,5.2,3.3,"Urban","https://www.kff.org/interactive/subsidy-calculator/#state=nd&zip=58102&income-type=dollars&income=500%2C000&people=1&alternate-plan-family=&adult-count=1&adults%5B0%5D%5Bage%5D=AGENUM&adults%5B0%5D%5Btobacco%5D=0&child-count=0",352,399,449,628,955
"396","BISMARCK","ND",NA,73622,12.5,11.8,14,14.5,11.2,11,12.1,7.5,5.4,"Urban",NA,NA,NA,NA,NA,NA
"397","COLUMBUS","OH","43216",905748,12.8,11.9,20.7,16.7,11.5,10.5,9,4.7,2.3,"Urban","https://www.kff.org/interactive/subsidy-calculator/#state=oh&zip=43216&income-type=dollars&income=500%2C000&people=1&alternate-plan-family=&adult-count=1&adults%5B0%5D%5Bage%5D=AGENUM&adults%5B0%5D%5Btobacco%5D=0&child-count=0",368,418,471,658,1000
"398","COLUMBUS","OH","43218",905748,12.8,11.9,20.7,16.7,11.5,10.5,9,4.7,2.3,"Urban","https://www.kff.org/interactive/subsidy-calculator/#state=oh&zip=43218&income-type=dollars&income=500%2C000&people=1&alternate-plan-family=&adult-count=1&adults%5B0%5D%5Bage%5D=AGENUM&adults%5B0%5D%5Btobacco%5D=0&child-count=0",368,418,471,658,1000
"409","CLEVELAND","OH","44101",372624,12.2,12,16.3,14.3,10.8,13.1,12.3,5.9,3.3,"Urban","https://www.kff.org/interactive/subsidy-calculator/#state=oh&zip=44101&income-type=dollars&income=500%2C000&people=1&alternate-plan-family=&adult-count=1&adults%5B0%5D%5Bage%5D=AGENUM&adults%5B0%5D%5Btobacco%5D=0&child-count=0",318,361,407,568,864
"418","OKLAHOMA CITY","OK","73125",681054,13.7,13.7,14.8,15.4,12.2,11.2,10.3,5.9,3,"Urban","https://www.kff.org/interactive/subsidy-calculator/#state=ok&zip=73125&income-type=dollars&income=500%2C000&people=1&alternate-plan-family=&adult-count=1&adults%5B0%5D%5Bage%5D=AGENUM&adults%5B0%5D%5Btobacco%5D=0&child-count=0",351,398,448,627,952
"422","TULSA","OK","74103",413066,13,13.3,15.1,14.2,11.7,11.4,11,6.5,3.7,"Urban","https://www.kff.org/interactive/subsidy-calculator/#state=ok&zip=74103&income-type=dollars&income=500%2C000&people=1&alternate-plan-family=&adult-count=1&adults%5B0%5D%5Bage%5D=AGENUM&adults%5B0%5D%5Btobacco%5D=0&child-count=0",363,412,464,648,985
"428","TULSA","OK","74136",413066,13,13.3,15.1,14.2,11.7,11.4,11,6.5,3.7,"Urban","https://www.kff.org/interactive/subsidy-calculator/#state=ok&zip=74136&income-type=dollars&income=500%2C000&people=1&alternate-plan-family=&adult-count=1&adults%5B0%5D%5Bage%5D=AGENUM&adults%5B0%5D%5Btobacco%5D=0&child-count=0",363,412,464,648,985
"429","PORTLAND","OR","97208",652503,9.3,9.8,15.7,19.4,14.9,11.6,10.3,6.2,2.8,"Urban","https://www.kff.org/interactive/subsidy-calculator/#state=or&zip=97208&income-type=dollars&income=500%2C000&people=1&alternate-plan-family=&adult-count=1&adults%5B0%5D%5Bage%5D=AGENUM&adults%5B0%5D%5Btobacco%5D=0&child-count=0",365,414,466,652,990
"430","PORTLAND","OR","97213",652503,9.3,9.8,15.7,19.4,14.9,11.6,10.3,6.2,2.8,"Urban","https://www.kff.org/interactive/subsidy-calculator/#state=or&zip=97213&income-type=dollars&income=500%2C000&people=1&alternate-plan-family=&adult-count=1&adults%5B0%5D%5Bage%5D=AGENUM&adults%5B0%5D%5Btobacco%5D=0&child-count=0",365,414,466,652,990
"431","PORTLAND","OR","97230",652503,9.3,9.8,15.7,19.4,14.9,11.6,10.3,6.2,2.8,"Urban","https://www.kff.org/interactive/subsidy-calculator/#state=or&zip=97230&income-type=dollars&income=500%2C000&people=1&alternate-plan-family=&adult-count=1&adults%5B0%5D%5Bage%5D=AGENUM&adults%5B0%5D%5Btobacco%5D=0&child-count=0",365,414,466,652,990
"434","EUGENE","OR",NA,176654,8.8,11.9,20,13.8,11.5,10.3,11.4,8.2,4,"Urban",NA,NA,NA,NA,NA,NA
"435","PHILADELPHIA","PA","19104",1603797,11.2,11.9,18,16.3,11.1,11.4,10.6,6.1,3.3,"Urban","https://www.kff.org/interactive/subsidy-calculator/#state=pa&zip=19104&income-type=dollars&income=500%2C000&people=1&alternate-plan-family=&adult-count=1&adults%5B0%5D%5Bage%5D=AGENUM&adults%5B0%5D%5Btobacco%5D=0&child-count=0",284,323,363,508,772
"461","PHILADELPHIA","PA","19105",1603797,11.2,11.9,18,16.3,11.1,11.4,10.6,6.1,3.3,"Urban","https://www.kff.org/interactive/subsidy-calculator/#state=pa&zip=19105&income-type=dollars&income=500%2C000&people=1&alternate-plan-family=&adult-count=1&adults%5B0%5D%5Bage%5D=AGENUM&adults%5B0%5D%5Btobacco%5D=0&child-count=0",284,323,363,508,772
"462","PHILADELPHIA","PA","19176",1603797,11.2,11.9,18,16.3,11.1,11.4,10.6,6.1,3.3,"Urban","https://www.kff.org/interactive/subsidy-calculator/#state=pa&zip=19176&income-type=dollars&income=500%2C000&people=1&alternate-plan-family=&adult-count=1&adults%5B0%5D%5Bage%5D=AGENUM&adults%5B0%5D%5Btobacco%5D=0&child-count=0",284,323,363,508,772
"464","PITTSBURGH","PA","15205",302971,8.4,10.5,24.8,16.1,9.1,9.9,11,6.4,3.7,"Urban","https://www.kff.org/interactive/subsidy-calculator/#state=pa&zip=15205&income-type=dollars&income=500%2C000&people=1&alternate-plan-family=&adult-count=1&adults%5B0%5D%5Bage%5D=AGENUM&adults%5B0%5D%5Btobacco%5D=0&child-count=0",319,362,408,570,867
"465","PITTSBURGH","PA","15212",302971,8.4,10.5,24.8,16.1,9.1,9.9,11,6.4,3.7,"Urban","https://www.kff.org/interactive/subsidy-calculator/#state=pa&zip=15212&income-type=dollars&income=500%2C000&people=1&alternate-plan-family=&adult-count=1&adults%5B0%5D%5Bage%5D=AGENUM&adults%5B0%5D%5Btobacco%5D=0&child-count=0",319,362,408,570,867
"468","PITTSBURGH","PA","15213",302971,8.4,10.5,24.8,16.1,9.1,9.9,11,6.4,3.7,"Urban","https://www.kff.org/interactive/subsidy-calculator/#state=pa&zip=15213&income-type=dollars&income=500%2C000&people=1&alternate-plan-family=&adult-count=1&adults%5B0%5D%5Bage%5D=AGENUM&adults%5B0%5D%5Btobacco%5D=0&child-count=0",319,362,408,570,867
"470","PITTSBURGH","PA","15290",302971,8.4,10.5,24.8,16.1,9.1,9.9,11,6.4,3.7,"Urban","https://www.kff.org/interactive/subsidy-calculator/#state=pa&zip=15290&income-type=dollars&income=500%2C000&people=1&alternate-plan-family=&adult-count=1&adults%5B0%5D%5Bage%5D=AGENUM&adults%5B0%5D%5Btobacco%5D=0&child-count=0",NA,NA,NA,NA,NA
"486","PROVIDENCE","RI","02904",190934,11.3,15.6,21.1,15.1,10.7,10.3,8.6,4.6,2.6,"Urban","https://www.kff.org/interactive/subsidy-calculator/#state=ri&zip=02904&income-type=dollars&income=500%2C000&people=1&alternate-plan-family=&adult-count=1&adults%5B0%5D%5Bage%5D=AGENUM&adults%5B0%5D%5Btobacco%5D=0&child-count=0",332,377,425,594,902
"489","CRANSTON","RI",NA,82934,9.8,11.9,12.7,14.1,12.3,14,13.2,7.7,4.6,"Urban",NA,NA,NA,NA,NA,NA
"490","CHARLESTON","SC",NA,150227,10.8,9.4,19.2,17.2,11.3,10.6,10.8,7.3,3.4,"Urban",NA,NA,NA,NA,NA,NA
"491","COLUMBIA","SC","29201",136632,9,17.7,23.4,13.3,9.8,9.8,9.1,5.4,2.5,"Urban","https://www.kff.org/interactive/subsidy-calculator/#state=sc&zip=29201&income-type=dollars&income=500%2C000&people=1&alternate-plan-family=&adult-count=1&adults%5B0%5D%5Bage%5D=AGENUM&adults%5B0%5D%5Btobacco%5D=0&child-count=0",375,426,479,670,1017
"502","SIOUX FALLS","SD","57104",192517,14.1,12.7,14.8,15.4,11.7,11.2,10.4,6.2,3.4,"Urban","https://www.kff.org/interactive/subsidy-calculator/#state=sd&zip=57104&income-type=dollars&income=500%2C000&people=1&alternate-plan-family=&adult-count=1&adults%5B0%5D%5Bage%5D=AGENUM&adults%5B0%5D%5Btobacco%5D=0&child-count=0",369,419,471,659,1001
"505","SIOUX FALLS","SD","57106",192517,14.1,12.7,14.8,15.4,11.7,11.2,10.4,6.2,3.4,"Urban","https://www.kff.org/interactive/subsidy-calculator/#state=sd&zip=57106&income-type=dollars&income=500%2C000&people=1&alternate-plan-family=&adult-count=1&adults%5B0%5D%5Bage%5D=AGENUM&adults%5B0%5D%5Btobacco%5D=0&child-count=0",369,419,471,659,1001
"506","RAPID CITY","SD",NA,74703,11.9,12.6,14.9,14,10.8,10.9,12.1,7.6,5.2,"Urban",NA,NA,NA,NA,NA,NA
"507","NASHVILLE-DAVIDSON METROPOLITAN GOVERNMENT (BALANCE)","TN",NA,689447,11.6,11.1,19.4,18,11.7,10.8,9.5,5.2,2.6,"Urban",NA,NA,NA,NA,NA,NA
"508","MEMPHIS","TN","38101",633104,13.3,13.3,15.8,14.3,11.7,11.7,11.3,5.9,2.9,"Urban","https://www.kff.org/interactive/subsidy-calculator/#state=tn&zip=38101&income-type=dollars&income=500%2C000&people=1&alternate-plan-family=&adult-count=1&adults%5B0%5D%5Bage%5D=AGENUM&adults%5B0%5D%5Btobacco%5D=0&child-count=0",378,429,483,675,1026
"518","MEMPHIS","TN","38103",633104,13.3,13.3,15.8,14.3,11.7,11.7,11.3,5.9,2.9,"Urban","https://www.kff.org/interactive/subsidy-calculator/#state=tn&zip=38103&income-type=dollars&income=500%2C000&people=1&alternate-plan-family=&adult-count=1&adults%5B0%5D%5Bage%5D=AGENUM&adults%5B0%5D%5Btobacco%5D=0&child-count=0",378,429,483,675,1026
"519","MEMPHIS","TN","38114",633104,13.3,13.3,15.8,14.3,11.7,11.7,11.3,5.9,2.9,"Urban","https://www.kff.org/interactive/subsidy-calculator/#state=tn&zip=38114&income-type=dollars&income=500%2C000&people=1&alternate-plan-family=&adult-count=1&adults%5B0%5D%5Bage%5D=AGENUM&adults%5B0%5D%5Btobacco%5D=0&child-count=0",378,429,483,675,1026
"520","MEMPHIS","TN","38115",633104,13.3,13.3,15.8,14.3,11.7,11.7,11.3,5.9,2.9,"Urban","https://www.kff.org/interactive/subsidy-calculator/#state=tn&zip=38115&income-type=dollars&income=500%2C000&people=1&alternate-plan-family=&adult-count=1&adults%5B0%5D%5Bage%5D=AGENUM&adults%5B0%5D%5Btobacco%5D=0&child-count=0",378,429,483,675,1026
"521","MEMPHIS","TN","38119",633104,13.3,13.3,15.8,14.3,11.7,11.7,11.3,5.9,2.9,"Urban","https://www.kff.org/interactive/subsidy-calculator/#state=tn&zip=38119&income-type=dollars&income=500%2C000&people=1&alternate-plan-family=&adult-count=1&adults%5B0%5D%5Bage%5D=AGENUM&adults%5B0%5D%5Btobacco%5D=0&child-count=0",378,429,483,675,1026
"524","HOUSTON","TX","77002",2304580,13.2,13.1,16.3,16.5,12.6,11.1,9.4,5.2,2.6,"Urban","https://www.kff.org/interactive/subsidy-calculator/#state=tx&zip=77002&income-type=dollars&income=500%2C000&people=1&alternate-plan-family=&adult-count=1&adults%5B0%5D%5Bage%5D=AGENUM&adults%5B0%5D%5Btobacco%5D=0&child-count=0",342,389,438,612,929
"529","SAN ANTONIO","TX","78205",1434625,12.6,14.1,15.9,14.4,12.1,11.8,10,6,3.1,"Urban","https://www.kff.org/interactive/subsidy-calculator/#state=tx&zip=78205&income-type=dollars&income=500%2C000&people=1&alternate-plan-family=&adult-count=1&adults%5B0%5D%5Bage%5D=AGENUM&adults%5B0%5D%5Btobacco%5D=0&child-count=0",383,434,489,683,1039
"530","SAN ANTONIO","TX","78284",1434625,12.6,14.1,15.9,14.4,12.1,11.8,10,6,3.1,"Urban","https://www.kff.org/interactive/subsidy-calculator/#state=tx&zip=78284&income-type=dollars&income=500%2C000&people=1&alternate-plan-family=&adult-count=1&adults%5B0%5D%5Bage%5D=AGENUM&adults%5B0%5D%5Btobacco%5D=0&child-count=0",383,434,489,683,1039
"531","SALT LAKE CITY","UT","84101",199723,10.1,11.7,23.7,17.3,11.8,9.6,8.5,4.8,2.4,"Urban","https://www.kff.org/interactive/subsidy-calculator/#state=ut&zip=84101&income-type=dollars&income=500%2C000&people=1&alternate-plan-family=&adult-count=1&adults%5B0%5D%5Bage%5D=AGENUM&adults%5B0%5D%5Btobacco%5D=0&child-count=0",338,470,500,719,1014
"532","SALT LAKE CITY","UT","84108",199723,10.1,11.7,23.7,17.3,11.8,9.6,8.5,4.8,2.4,"Urban","https://www.kff.org/interactive/subsidy-calculator/#state=ut&zip=84108&income-type=dollars&income=500%2C000&people=1&alternate-plan-family=&adult-count=1&adults%5B0%5D%5Bage%5D=AGENUM&adults%5B0%5D%5Btobacco%5D=0&child-count=0",338,470,500,719,1014
"534","SALT LAKE CITY","UT","84199",199723,10.1,11.7,23.7,17.3,11.8,9.6,8.5,4.8,2.4,"Urban","https://www.kff.org/interactive/subsidy-calculator/#state=ut&zip=84199&income-type=dollars&income=500%2C000&people=1&alternate-plan-family=&adult-count=1&adults%5B0%5D%5Bage%5D=AGENUM&adults%5B0%5D%5Btobacco%5D=0&child-count=0",338,470,500,719,1014
"539","WEST VALLEY CITY","UT",NA,140230,15.6,17,15.1,14.8,13.1,10.4,8,4.3,1.7,"Urban",NA,NA,NA,NA,NA,NA
"542","VIRGINIA BEACH","VA","23452",459470,11.9,12.5,14.6,15,11.9,12.7,11.3,6.7,3.4,"Urban","https://www.kff.org/interactive/subsidy-calculator/#state=va&zip=23452&income-type=dollars&income=500%2C000&people=1&alternate-plan-family=&adult-count=1&adults%5B0%5D%5Bage%5D=AGENUM&adults%5B0%5D%5Btobacco%5D=0&child-count=0",289,328,369,516,785
"543","VIRGINIA BEACH","VA","23464",459470,11.9,12.5,14.6,15,11.9,12.7,11.3,6.7,3.4,"Urban","https://www.kff.org/interactive/subsidy-calculator/#state=va&zip=23464&income-type=dollars&income=500%2C000&people=1&alternate-plan-family=&adult-count=1&adults%5B0%5D%5Bage%5D=AGENUM&adults%5B0%5D%5Btobacco%5D=0&child-count=0",289,328,369,516,785
"545","CHESAPEAKE","VA","23320",249422,12.6,13.9,12.1,14.4,12.6,13.3,11.7,6.4,3,"Urban","https://www.kff.org/interactive/subsidy-calculator/#state=va&zip=23320&income-type=dollars&income=500%2C000&people=1&alternate-plan-family=&adult-count=1&adults%5B0%5D%5Bage%5D=AGENUM&adults%5B0%5D%5Btobacco%5D=0&child-count=0",289,328,369,516,785
"546","SEATTLE","WA","98101",737015,8.4,8.6,21.1,21.2,12.9,10.7,9,5.5,2.7,"Urban","https://www.kff.org/interactive/subsidy-calculator/#state=wa&zip=98101&income-type=dollars&income=500%2C000&people=1&alternate-plan-family=&adult-count=1&adults%5B0%5D%5Bage%5D=AGENUM&adults%5B0%5D%5Btobacco%5D=0&child-count=0",336,382,430,601,913
"548","SEATTLE","WA","98105",737015,8.4,8.6,21.1,21.2,12.9,10.7,9,5.5,2.7,"Urban","https://www.kff.org/interactive/subsidy-calculator/#state=wa&zip=98105&income-type=dollars&income=500%2C000&people=1&alternate-plan-family=&adult-count=1&adults%5B0%5D%5Bage%5D=AGENUM&adults%5B0%5D%5Btobacco%5D=0&child-count=0",336,382,430,601,913
"549","SEATTLE","WA","98107",737015,8.4,8.6,21.1,21.2,12.9,10.7,9,5.5,2.7,"Urban","https://www.kff.org/interactive/subsidy-calculator/#state=wa&zip=98107&income-type=dollars&income=500%2C000&people=1&alternate-plan-family=&adult-count=1&adults%5B0%5D%5Bage%5D=AGENUM&adults%5B0%5D%5Btobacco%5D=0&child-count=0",336,382,430,601,913
"550","SEATTLE","WA","98134",737015,8.4,8.6,21.1,21.2,12.9,10.7,9,5.5,2.7,"Urban","https://www.kff.org/interactive/subsidy-calculator/#state=wa&zip=98134&income-type=dollars&income=500%2C000&people=1&alternate-plan-family=&adult-count=1&adults%5B0%5D%5Bage%5D=AGENUM&adults%5B0%5D%5Btobacco%5D=0&child-count=0",336,382,430,601,913
"551","SEATTLE","WA","98168",737015,8.4,8.6,21.1,21.2,12.9,10.7,9,5.5,2.7,"Urban","https://www.kff.org/interactive/subsidy-calculator/#state=wa&zip=98168&income-type=dollars&income=500%2C000&people=1&alternate-plan-family=&adult-count=1&adults%5B0%5D%5Bage%5D=AGENUM&adults%5B0%5D%5Btobacco%5D=0&child-count=0",336,382,430,601,913
"553","SPOKANE","WA","99201",228989,11.8,11.8,15.8,15.1,11.4,11.6,11.7,7,3.7,"Urban","https://www.kff.org/interactive/subsidy-calculator/#state=wa&zip=99201&income-type=dollars&income=500%2C000&people=1&alternate-plan-family=&adult-count=1&adults%5B0%5D%5Bage%5D=AGENUM&adults%5B0%5D%5Btobacco%5D=0&child-count=0",320,363,409,571,868
"555","SPOKANE","WA","99202",228989,11.8,11.8,15.8,15.1,11.4,11.6,11.7,7,3.7,"Urban","https://www.kff.org/interactive/subsidy-calculator/#state=wa&zip=99202&income-type=dollars&income=500%2C000&people=1&alternate-plan-family=&adult-count=1&adults%5B0%5D%5Bage%5D=AGENUM&adults%5B0%5D%5Btobacco%5D=0&child-count=0",320,363,409,571,868
"557","SPOKANE","WA","99218",228989,11.8,11.8,15.8,15.1,11.4,11.6,11.7,7,3.7,"Urban","https://www.kff.org/interactive/subsidy-calculator/#state=wa&zip=99218&income-type=dollars&income=500%2C000&people=1&alternate-plan-family=&adult-count=1&adults%5B0%5D%5Bage%5D=AGENUM&adults%5B0%5D%5Btobacco%5D=0&child-count=0",320,363,409,571,868
"558","CHARLESTON","WV","25301",48864,10.1,11.3,11.9,13,12.4,13,14.7,8.6,4.8,"Urban","https://www.kff.org/interactive/subsidy-calculator/#state=wv&zip=25301&income-type=dollars&income=500%2C000&people=1&alternate-plan-family=&adult-count=1&adults%5B0%5D%5Bage%5D=AGENUM&adults%5B0%5D%5Btobacco%5D=0&child-count=0",733,832,937,1310,1991
"561","HUNTINGTON","WV","25704",46842,9.6,12.7,18.4,12.9,11.2,11,11.8,8,4.4,"Urban","https://www.kff.org/interactive/subsidy-calculator/#state=wv&zip=25704&income-type=dollars&income=500%2C000&people=1&alternate-plan-family=&adult-count=1&adults%5B0%5D%5Bage%5D=AGENUM&adults%5B0%5D%5Btobacco%5D=0&child-count=0",788,894,1006,1406,2137
"562","MILWAUKEE","WI","53203",577222,13.7,15,17.7,14.7,11.2,10.9,9.6,4.7,2.5,"Urban","https://www.kff.org/interactive/subsidy-calculator/#state=wi&zip=53203&income-type=dollars&income=500%2C000&people=1&alternate-plan-family=&adult-count=1&adults%5B0%5D%5Bage%5D=AGENUM&adults%5B0%5D%5Btobacco%5D=0&child-count=0",360,409,460,643,977
"570","MADISON","WI","53714",269840,9.6,11.8,24.7,16.1,10.2,9.5,9.3,5.7,3,"Urban","https://www.kff.org/interactive/subsidy-calculator/#state=wi&zip=53714&income-type=dollars&income=500%2C000&people=1&alternate-plan-family=&adult-count=1&adults%5B0%5D%5Bage%5D=AGENUM&adults%5B0%5D%5Btobacco%5D=0&child-count=0",338,383,432,603,917
"584","CHEYENNE","WY","82009",65132,12.3,12.4,13.5,15.1,11.2,11.8,11.8,7.6,4.3,"Urban","https://www.kff.org/interactive/subsidy-calculator/#state=wy&zip=82009&income-type=dollars&income=500%2C000&people=1&alternate-plan-family=&adult-count=1&adults%5B0%5D%5Bage%5D=AGENUM&adults%5B0%5D%5Btobacco%5D=0&child-count=0",642,729,821,1147,1743
"587","CASPER","WY",NA,59038,13.2,14,12.8,14.5,11.7,11.2,11.9,6.6,3.8,"Urban",NA,NA,NA,NA,NA,NA
"110","LAZY MOUNTAIN","AK",NA,1506,11,15.6,10.1,12.4,11.6,13,15.6,7.5,3.1,"Rural",NA,NA,NA,NA,NA,NA
"210","HOUSTON","AK",NA,1975,12.7,14.2,8.3,14.5,12.1,15.9,14.7,6.5,1,"Rural",NA,NA,NA,NA,NA,NA
"310","STEVENSON","AL",NA,1955,13.3,13.8,10.7,10.5,12.6,13.4,13,9,3.5,"Rural",NA,NA,NA,NA,NA,NA
"410","WARRIOR","AL",NA,3224,11.4,12.8,11.4,13.5,11.7,13.5,13.2,8.2,4.2,"Rural",NA,NA,NA,NA,NA,NA
"510","POTTSVILLE","AR",NA,3140,15.6,15.9,12.8,13.6,12.9,11.1,9.5,6.2,2.4,"Rural",NA,NA,NA,NA,NA,NA
"6","BALD KNOB","AR",NA,2522,11.4,14.7,11.6,11.1,12,13,12.6,9.6,3.8,"Rural",NA,NA,NA,NA,NA,NA
"7","HEBER-OVERGAARD","AZ",NA,2898,8.7,8.9,4.9,5.9,7,13,25.3,20.7,5.6,"Rural",NA,NA,NA,NA,NA,NA
"810","GILA BEND","AZ",NA,1892,17.7,17.7,11.8,10.5,11,12.3,11,5.5,2.7,"Rural",NA,NA,NA,NA,NA,NA
"9","PARKSDALE","CA",NA,3234,18.4,20.5,14.1,12.5,11.7,9.6,7.4,4.1,1.7,"Rural",NA,NA,NA,NA,NA,NA
"103","WILLOW CREEK","CA",NA,1720,10,11.6,8.2,13.3,9.6,12.9,19.5,11.3,3.8,"Rural",NA,NA,NA,NA,NA,NA
"11","ORCHARD CITY","CO",NA,3142,8.5,12.1,6.3,8.9,10.4,12.5,17.6,15.4,8.2,"Rural",NA,NA,NA,NA,NA,NA
"12","PLATTEVILLE","CO",NA,2955,13.2,17.4,12.4,14.9,13,12,9.5,5.3,2.2,"Rural",NA,NA,NA,NA,NA,NA
"13","GEORGETOWN","CT",NA,1832,12.4,16.2,9.7,9.7,15.4,17.1,11,5.8,2.9,"Rural",NA,NA,NA,NA,NA,NA
"14","BALL POND","CT",NA,2189,9.2,13.3,11.1,9.6,13.7,19.6,12.3,7.8,3.5,"Rural",NA,NA,NA,NA,NA,NA
"15","TOWNSEND","DE",NA,2717,15.9,19.1,9.9,16.2,16.9,11.9,5.4,3.2,1.4,"Rural",NA,NA,NA,NA,NA,NA
"16","WYOMING","DE",NA,1680,14,15.6,14.2,16.3,11.9,11.2,9.6,5.1,2,"Rural",NA,NA,NA,NA,NA,NA
"17","WAHNETA","FL",NA,4409,17.2,16.9,14.2,12.8,12.1,11.8,8.2,4.4,2.3,"Rural",NA,NA,NA,NA,NA,NA
"18","HARBOUR HEIGHTS","FL",NA,3428,7.3,9.5,7,9.2,9.3,12.4,21.3,16.8,7.3,"Rural",NA,NA,NA,NA,NA,NA
"19","GUMLOG","GA",NA,2358,8.5,11.6,7.8,11,10.8,16.4,17.1,11.7,4.8,"Rural",NA,NA,NA,NA,NA,NA
"20","HEPHZIBAH","GA",NA,3830,11,13.3,10.5,12.3,10.9,15.5,14.5,8.7,3.2,"Rural",NA,NA,NA,NA,NA,NA
"21","HANA","HI",NA,1526,13.5,15.3,12.5,9.3,12.5,9.4,11.6,10.3,5.4,"Rural",NA,NA,NA,NA,NA,NA
"22","MAUNAWILI","HI",NA,2026,7.4,12,6.8,8.3,11.8,16.3,16.1,13.4,8.1,"Rural",NA,NA,NA,NA,NA,NA
"23","ALBIA","IA",NA,3721,13.1,14.3,12.5,11.8,11.1,11.7,11.2,8.7,5.6,"Rural",NA,NA,NA,NA,NA,NA
"24","REMSEN","IA",NA,1678,11.8,14.4,9.6,11.8,9.8,11.2,12.8,10,8.8,"Rural",NA,NA,NA,NA,NA,NA
"25","ST. MARIES","ID",NA,2357,14.2,11.3,12.2,11.9,9.2,11.7,13.6,10.5,5.4,"Rural",NA,NA,NA,NA,NA,NA
"26","OSBURN","ID",NA,1567,11.7,11.6,8.1,9.7,10.5,15,16.3,12.1,5.1,"Rural",NA,NA,NA,NA,NA,NA
"27","ATHENS","IL",NA,1977,13.4,17.3,10.1,13.8,13.7,12,9.3,7.9,2.8,"Rural",NA,NA,NA,NA,NA,NA
"281","FORSYTH","IL",NA,3734,13,13.9,6.9,11.2,12.9,13.2,11.5,10.4,6.9,"Rural",NA,NA,NA,NA,NA,NA
"291","OAKLAND CITY","IN",NA,2279,12,16.4,15.6,11.9,10.6,10.3,10.8,7.5,5.2,"Rural",NA,NA,NA,NA,NA,NA
"301","DELPHI","IN",NA,2961,12.8,13.8,12.1,13.1,11.3,12.6,12.4,7.7,4.2,"Rural",NA,NA,NA,NA,NA,NA
"311","LAKIN","KS",NA,2205,15,15.8,12.4,13.8,10.9,10.8,11,5.3,5.1,"Rural",NA,NA,NA,NA,NA,NA
"321","WELLSVILLE","KS",NA,1953,14.4,14.6,10.9,14.4,10.4,12.4,9.8,6.3,6.7,"Rural",NA,NA,NA,NA,NA,NA
"33","PEWEE VALLEY","KY",NA,1588,10.4,13.8,7.6,7.6,10.5,15.5,14.5,10.9,9.1,"Rural",NA,NA,NA,NA,NA,NA
"34","OLIVE HILL","KY",NA,1580,11.9,10.5,10.6,12.5,10.3,14.5,11.8,12.3,5.6,"Rural",NA,NA,NA,NA,NA,NA
"35","GREENWOOD","LA",NA,3166,10.4,10.6,9.4,12.4,11.6,14.6,17.3,10.4,3.2,"Rural",NA,NA,NA,NA,NA,NA
"36","LAKE PROVIDENCE","LA",NA,3587,16.3,15.9,11.4,10.3,10.2,12.6,12.4,7.2,3.7,"Rural",NA,NA,NA,NA,NA,NA
"37","SHELBURNE FALLS","MA",NA,1719,6.4,8.9,6.7,11.5,11.8,15.2,20.4,13.9,5.3,"Rural",NA,NA,NA,NA,NA,NA
"382","NORTH PLYMOUTH","MA",NA,3983,10.1,10.8,12.5,15.4,13.4,13.9,13.1,6.8,4,"Rural",NA,NA,NA,NA,NA,NA
"392","MOUNTAIN LAKE PARK","MD",NA,2147,10.5,11.9,10.9,10.7,10.1,12.4,16.5,8.2,9,"Rural",NA,NA,NA,NA,NA,NA
"401","PERRYVILLE","MD",NA,4391,10.9,13,10.6,12.8,12.3,15.5,13.9,7.5,3.3,"Rural",NA,NA,NA,NA,NA,NA
"41","DUNSTAN","ME",NA,2083,10.1,12,10.3,11,10.6,18.7,13.6,9.5,4.1,"Rural",NA,NA,NA,NA,NA,NA
"42","MILO","ME",NA,1751,11.1,11.3,10.3,12.2,11.9,14.8,14.6,8.6,5.3,"Rural",NA,NA,NA,NA,NA,NA
"43","IRON RIVER","MI",NA,3007,11.8,12.3,10.4,11.4,10.5,11.7,15.2,10.5,6.4,"Rural",NA,NA,NA,NA,NA,NA
"44","CAPAC","MI",NA,1983,13.3,15.1,12.7,13.1,11.5,14,12,5.8,2.7,"Rural",NA,NA,NA,NA,NA,NA
"45","MAPLE LAKE","MN",NA,2159,13.4,14.9,13.2,14.1,11.8,14.1,9.8,4.6,4,"Rural",NA,NA,NA,NA,NA,NA
"46","PAYNESVILLE","MN",NA,2388,12.4,12.2,12.5,12.5,9.5,11.1,10.9,10.6,8.4,"Rural",NA,NA,NA,NA,NA,NA
"47","TIPTON","MO",NA,2920,9.5,11.2,13.1,18.1,13.8,12.3,11.6,5.5,4.9,"Rural",NA,NA,NA,NA,NA,NA
"481","LAWSON","MO",NA,2541,14.2,17.2,11.4,13.3,11.8,10.8,10,6.9,4.6,"Rural",NA,NA,NA,NA,NA,NA
"492","MOUND BAYOU","MS",NA,1534,14.1,15.7,12.4,13.3,9.9,11.7,12.5,7.7,2.6,"Rural",NA,NA,NA,NA,NA,NA
"50","SARDIS","MS",NA,1748,13.5,12.2,11,10.4,11.2,12.2,15.3,8.6,5.6,"Rural",NA,NA,NA,NA,NA,NA
"511","FORT BELKNAP AGENCY","MT",NA,1567,19.5,20.1,13.8,12.7,10,9.7,9.2,4.2,0.9,"Rural",NA,NA,NA,NA,NA,NA
"522","CHOTEAU","MT",NA,1721,12.7,10.3,8.6,10,10.4,12,16.2,12.6,7,"Rural",NA,NA,NA,NA,NA,NA
"533","CHADBOURN","NC",NA,1574,12,14.3,12.2,9.5,11,12.8,15.4,8.6,4.3,"Rural",NA,NA,NA,NA,NA,NA
"544","FRUITLAND","NC",NA,2257,9.4,10.3,10,10.5,12.1,16.1,15.2,11.6,4.8,"Rural",NA,NA,NA,NA,NA,NA
"55","RUGBY","ND",NA,2509,10,11.1,9.6,11.2,11.6,12.4,14.4,10.6,9,"Rural",NA,NA,NA,NA,NA,NA
"56","TIOGA","ND",NA,2202,13.7,12.2,15.3,16.3,11.5,13.6,8.8,4.9,3.8,"Rural",NA,NA,NA,NA,NA,NA
"57","SYRACUSE","NE",NA,1941,13.3,13,8.1,12.2,11,11.2,12.2,9.8,9.2,"Rural",NA,NA,NA,NA,NA,NA
"58","MINDEN","NE",NA,3118,14.1,13.7,11.5,12.7,11.4,11.1,11.5,8.3,5.8,"Rural",NA,NA,NA,NA,NA,NA
"59","GORHAM","NH",NA,1851,8.5,9.3,9.1,8.4,13,14.6,20.2,11.4,5.4,"Rural",NA,NA,NA,NA,NA,NA
"60","FARMINGTON","NH",NA,3824,10.6,10.6,13.5,13.3,12.2,15.1,13.7,8,2.9,"Rural",NA,NA,NA,NA,NA,NA
"61","RUTGERS UNIVERSITY-LIVINGSTON CAMPUS","NJ",NA,3545,0.2,44.1,55.1,0.2,0.2,0.1,0.1,0,0,"Rural",NA,NA,NA,NA,NA,NA
"62","LAKEHURST","NJ",NA,2636,12.5,12.6,14.9,13.9,13.3,14.9,10.8,4.8,2.2,"Rural",NA,NA,NA,NA,NA,NA
"631","DULCE","NM",NA,2788,15.5,18.6,13.5,14.1,10.6,13.3,8.6,4.3,1.5,"Rural",NA,NA,NA,NA,NA,NA
"64","MILAN","NM",NA,2456,10.2,13,14.7,19.7,13.1,10.9,10.1,5.8,2.4,"Rural",NA,NA,NA,NA,NA,NA
"651","CARLIN","NV",NA,2050,13.4,11.1,14.1,14,11.6,15.6,12.9,4.6,2.7,"Rural",NA,NA,NA,NA,NA,NA
"661","WASHOE VALLEY","NV",NA,3074,7.7,9.4,6.5,9.4,10.3,16,22.4,13.8,4.5,"Rural",NA,NA,NA,NA,NA,NA
"69","MCCOMB","OH",NA,1558,15.5,14.6,12.9,11.6,12.8,10.9,11.7,7.4,2.7,"Rural",NA,NA,NA,NA,NA,NA
"70","BLUFFTON","OH",NA,3967,10,16.9,15.8,9.6,9.9,10.4,11.3,7.9,8.2,"Rural",NA,NA,NA,NA,NA,NA
"71","CHELSEA","OK",NA,1991,13.1,15.6,14.2,12.4,11.2,11.3,11.7,6,4.5,"Rural",NA,NA,NA,NA,NA,NA
"72","KIEFER","OK",NA,2187,16.3,15,11.9,16,12.4,11,10.4,4.4,2.6,"Rural",NA,NA,NA,NA,NA,NA
"73","ENTERPRISE","OR",NA,2052,12.6,11.8,7,13.8,11,11.8,16,10.2,5.9,"Rural",NA,NA,NA,NA,NA,NA
"741","HUBBARD","OR",NA,3426,15.4,17.3,12.7,15,14,11.3,8.6,4,1.7,"Rural",NA,NA,NA,NA,NA,NA
"751","WARMINSTER HEIGHTS","PA",NA,4010,12.9,11.6,15,15.4,11,12.7,12.2,5.5,3.6,"Rural",NA,NA,NA,NA,NA,NA
"76","STORMSTOWN","PA",NA,2468,12.1,15.9,7.5,11.4,14.8,17.1,14.8,5.1,1.3,"Rural",NA,NA,NA,NA,NA,NA
"77","ASHAWAY","RI",NA,1501,12.1,11.6,10.3,12.8,10.2,17,13.8,8.7,3.8,"Rural",NA,NA,NA,NA,NA,NA
"78","HARRISVILLE","RI",NA,1745,10.1,11.7,11.2,11.6,11.8,15.1,15.1,8.4,4.8,"Rural",NA,NA,NA,NA,NA,NA
"791","ROEBUCK","SC",NA,2357,12.3,12.7,12.3,12.4,12.4,12.6,12.7,9.2,3.4,"Rural",NA,NA,NA,NA,NA,NA
"80","GASTON","SC",NA,1608,12.6,15.2,11.8,13.1,11.7,14.2,13,6.1,2.5,"Rural",NA,NA,NA,NA,NA,NA
"811","PINE RIDGE","SD",NA,3138,16.2,23.4,13.5,13.2,10.3,10.8,8.1,3.3,1.3,"Rural",NA,NA,NA,NA,NA,NA
"821","BERESFORD","SD",NA,2180,14.4,14.4,10.2,12.6,10.6,12,11.7,8.9,5.1,"Rural",NA,NA,NA,NA,NA,NA
"831","RURAL HILL","TN",NA,2047,9.4,10.7,8.1,9.2,11.8,17.8,19.6,10.5,3,"Rural",NA,NA,NA,NA,NA,NA
"84","NEW UNION","TN",NA,1646,11.3,14.5,8.8,12.6,14.3,13.1,11.6,10.1,3.7,"Rural",NA,NA,NA,NA,NA,NA
"851","ALBANY","TX",NA,1854,12.4,14.7,9.9,10.3,10.7,11.6,15,9.8,5.4,"Rural",NA,NA,NA,NA,NA,NA
"86","DIBOLL","TX",NA,4457,12.4,14.8,12.4,13.9,14.1,12,10.5,6.5,3.5,"Rural",NA,NA,NA,NA,NA,NA
"871","WELLINGTON","UT",NA,1605,13.3,15.7,14.4,11.4,12.2,10,12.4,6.9,3.6,"Rural",NA,NA,NA,NA,NA,NA
"88","FRANCIS","UT",NA,1564,16.8,18,9.6,14.2,15.6,11.5,8,4.7,1.4,"Rural",NA,NA,NA,NA,NA,NA
"891","SHENANDOAH FARMS","VA",NA,4135,13.7,11.9,11.2,15.6,13.9,16.1,11.6,4.6,1.4,"Rural",NA,NA,NA,NA,NA,NA
"90","HORSE PASTURE","VA",NA,2058,7.7,10.7,7.4,12.4,11.7,16.2,15.1,11.9,7,"Rural",NA,NA,NA,NA,NA,NA
"93","PEACEFUL VALLEY","WA",NA,3015,14,12.3,12.6,14.8,11.9,14.1,13.2,5.4,1.6,"Rural",NA,NA,NA,NA,NA,NA
"94","CASCADE VALLEY","WA",NA,4332,14.9,16.2,10.5,12.7,12.4,11.7,12,6.8,2.9,"Rural",NA,NA,NA,NA,NA,NA
"951","CRANDON","WI",NA,1713,12.7,11.6,11.9,10.8,9.7,13.9,15.1,9,5.2,"Rural",NA,NA,NA,NA,NA,NA
"961","MAINE","WI",NA,2613,10.1,11.9,9.5,11.5,12.1,15.6,16.3,9.6,3.6,"Rural",NA,NA,NA,NA,NA,NA
"971","MADISON","WV",NA,2913,10,13,10,11.8,12.9,12.2,16.8,9,4.5,"Rural",NA,NA,NA,NA,NA,NA
"981","WELCH","WV",NA,3590,4.6,5.8,15,27.1,19.7,12.4,9.2,4,2.2,"Rural",NA,NA,NA,NA,NA,NA
"99","LYMAN","WY",NA,2135,19.2,15.6,10.8,14.7,11.2,8.7,13.1,4.7,1.9,"Rural",NA,NA,NA,NA,NA,NA
"1001","FORT WASHAKIE","WY",NA,1650,19,19.7,13.5,12.5,10.1,9.6,7.4,5,3.1,"Rural",NA,NA,NA,NA,NA,NA
"317","NEW YORK","NY","10001",8804190,10.8,11.3,16,16.2,12.5,12.4,10.6,6.5,3.7,"Urban","https://www.kff.org/interactive/subsidy-calculator/#state=ny&zip=10001&income-type=dollars&income=500%2C000&people=1&alternate-plan-family=individual&adult-count=1&adults%5B0%5D%5Bage%5D=AGENUM&adults%5B0%5D%5Btobacco%5D=0&child-count=0",880,880,880,880,880
"319","NEW YORK","NY","10003",8804190,10.8,11.3,16,16.2,12.5,12.4,10.6,6.5,3.7,"Urban","https://www.kff.org/interactive/subsidy-calculator/#state=ny&zip=10003&income-type=dollars&income=500%2C000&people=1&alternate-plan-family=individual&adult-count=1&adults%5B0%5D%5Bage%5D=AGENUM&adults%5B0%5D%5Btobacco%5D=0&child-count=0",880,880,880,880,880
"320","NEW YORK","NY","10007",8804190,10.8,11.3,16,16.2,12.5,12.4,10.6,6.5,3.7,"Urban","https://www.kff.org/interactive/subsidy-calculator/#state=ny&zip=10007&income-type=dollars&income=500%2C000&people=1&alternate-plan-family=individual&adult-count=1&adults%5B0%5D%5Bage%5D=AGENUM&adults%5B0%5D%5Btobacco%5D=0&child-count=0",880,880,880,880,880
"335","NEW YORK","NY","10010",8804190,10.8,11.3,16,16.2,12.5,12.4,10.6,6.5,3.7,"Urban","https://www.kff.org/interactive/subsidy-calculator/#state=ny&zip=10010&income-type=dollars&income=500%2C000&people=1&alternate-plan-family=individual&adult-count=1&adults%5B0%5D%5Bage%5D=AGENUM&adults%5B0%5D%5Btobacco%5D=0&child-count=0",880,880,880,880,880
"336","NEW YORK","NY","10011",8804190,10.8,11.3,16,16.2,12.5,12.4,10.6,6.5,3.7,"Urban","https://www.kff.org/interactive/subsidy-calculator/#state=ny&zip=10011&income-type=dollars&income=500%2C000&people=1&alternate-plan-family=individual&adult-count=1&adults%5B0%5D%5Bage%5D=AGENUM&adults%5B0%5D%5Btobacco%5D=0&child-count=0",880,880,880,880,880
"337","NEW YORK","NY","10013",8804190,10.8,11.3,16,16.2,12.5,12.4,10.6,6.5,3.7,"Urban","https://www.kff.org/interactive/subsidy-calculator/#state=ny&zip=10013&income-type=dollars&income=500%2C000&people=1&alternate-plan-family=individual&adult-count=1&adults%5B0%5D%5Bage%5D=AGENUM&adults%5B0%5D%5Btobacco%5D=0&child-count=0",880,880,880,880,880
"338","NEW YORK","NY","10016",8804190,10.8,11.3,16,16.2,12.5,12.4,10.6,6.5,3.7,"Urban","https://www.kff.org/interactive/subsidy-calculator/#state=ny&zip=10016&income-type=dollars&income=500%2C000&people=1&alternate-plan-family=individual&adult-count=1&adults%5B0%5D%5Bage%5D=AGENUM&adults%5B0%5D%5Btobacco%5D=0&child-count=0",880,880,880,880,880
"340","NEW YORK","NY","10017",8804190,10.8,11.3,16,16.2,12.5,12.4,10.6,6.5,3.7,"Urban","https://www.kff.org/interactive/subsidy-calculator/#state=ny&zip=10017&income-type=dollars&income=500%2C000&people=1&alternate-plan-family=individual&adult-count=1&adults%5B0%5D%5Bage%5D=AGENUM&adults%5B0%5D%5Btobacco%5D=0&child-count=0",880,880,880,880,880
"342","NEW YORK","NY","10018",8804190,10.8,11.3,16,16.2,12.5,12.4,10.6,6.5,3.7,"Urban","https://www.kff.org/interactive/subsidy-calculator/#state=ny&zip=10018&income-type=dollars&income=500%2C000&people=1&alternate-plan-family=individual&adult-count=1&adults%5B0%5D%5Bage%5D=AGENUM&adults%5B0%5D%5Btobacco%5D=0&child-count=0",880,880,880,880,880
"343","NEW YORK","NY","10019",8804190,10.8,11.3,16,16.2,12.5,12.4,10.6,6.5,3.7,"Urban","https://www.kff.org/interactive/subsidy-calculator/#state=ny&zip=10019&income-type=dollars&income=500%2C000&people=1&alternate-plan-family=individual&adult-count=1&adults%5B0%5D%5Bage%5D=AGENUM&adults%5B0%5D%5Btobacco%5D=0&child-count=0",880,880,880,880,880
"344","NEW YORK","NY","10020",8804190,10.8,11.3,16,16.2,12.5,12.4,10.6,6.5,3.7,"Urban","https://www.kff.org/interactive/subsidy-calculator/#state=ny&zip=10020&income-type=dollars&income=500%2C000&people=1&alternate-plan-family=individual&adult-count=1&adults%5B0%5D%5Bage%5D=AGENUM&adults%5B0%5D%5Btobacco%5D=0&child-count=0",NA,NA,NA,NA,NA
"345","NEW YORK","NY","10021",8804190,10.8,11.3,16,16.2,12.5,12.4,10.6,6.5,3.7,"Urban","https://www.kff.org/interactive/subsidy-calculator/#state=ny&zip=10021&income-type=dollars&income=500%2C000&people=1&alternate-plan-family=individual&adult-count=1&adults%5B0%5D%5Bage%5D=AGENUM&adults%5B0%5D%5Btobacco%5D=0&child-count=0",880,880,880,880,880
"346","NEW YORK","NY","10022",8804190,10.8,11.3,16,16.2,12.5,12.4,10.6,6.5,3.7,"Urban","https://www.kff.org/interactive/subsidy-calculator/#state=ny&zip=10022&income-type=dollars&income=500%2C000&people=1&alternate-plan-family=individual&adult-count=1&adults%5B0%5D%5Bage%5D=AGENUM&adults%5B0%5D%5Btobacco%5D=0&child-count=0",880,880,880,880,880
"349","NEW YORK","NY","10023",8804190,10.8,11.3,16,16.2,12.5,12.4,10.6,6.5,3.7,"Urban","https://www.kff.org/interactive/subsidy-calculator/#state=ny&zip=10023&income-type=dollars&income=500%2C000&people=1&alternate-plan-family=individual&adult-count=1&adults%5B0%5D%5Bage%5D=AGENUM&adults%5B0%5D%5Btobacco%5D=0&child-count=0",880,880,880,880,880
"350","NEW YORK","NY","10024",8804190,10.8,11.3,16,16.2,12.5,12.4,10.6,6.5,3.7,"Urban","https://www.kff.org/interactive/subsidy-calculator/#state=ny&zip=10024&income-type=dollars&income=500%2C000&people=1&alternate-plan-family=individual&adult-count=1&adults%5B0%5D%5Bage%5D=AGENUM&adults%5B0%5D%5Btobacco%5D=0&child-count=0",880,880,880,880,880
"351","NEW YORK","NY","10025",8804190,10.8,11.3,16,16.2,12.5,12.4,10.6,6.5,3.7,"Urban","https://www.kff.org/interactive/subsidy-calculator/#state=ny&zip=10025&income-type=dollars&income=500%2C000&people=1&alternate-plan-family=individual&adult-count=1&adults%5B0%5D%5Bage%5D=AGENUM&adults%5B0%5D%5Btobacco%5D=0&child-count=0",880,880,880,880,880
"352","NEW YORK","NY","10028",8804190,10.8,11.3,16,16.2,12.5,12.4,10.6,6.5,3.7,"Urban","https://www.kff.org/interactive/subsidy-calculator/#state=ny&zip=10028&income-type=dollars&income=500%2C000&people=1&alternate-plan-family=individual&adult-count=1&adults%5B0%5D%5Bage%5D=AGENUM&adults%5B0%5D%5Btobacco%5D=0&child-count=0",880,880,880,880,880
"353","NEW YORK","NY","10036",8804190,10.8,11.3,16,16.2,12.5,12.4,10.6,6.5,3.7,"Urban","https://www.kff.org/interactive/subsidy-calculator/#state=ny&zip=10036&income-type=dollars&income=500%2C000&people=1&alternate-plan-family=individual&adult-count=1&adults%5B0%5D%5Bage%5D=AGENUM&adults%5B0%5D%5Btobacco%5D=0&child-count=0",880,880,880,880,880
"354","BUFFALO","NY","14225",278349,12.9,13.6,17.8,14.8,10.5,11.6,10.9,5.2,2.7,"Urban","https://www.kff.org/interactive/subsidy-calculator/#state=ny&zip=14225&income-type=dollars&income=500%2C000&people=1&alternate-plan-family=individual&adult-count=1&adults%5B0%5D%5Bage%5D=AGENUM&adults%5B0%5D%5Btobacco%5D=0&child-count=0",560,560,560,560,560
"355","BUFFALO","NY","14240",278349,12.9,13.6,17.8,14.8,10.5,11.6,10.9,5.2,2.7,"Urban","https://www.kff.org/interactive/subsidy-calculator/#state=ny&zip=14240&income-type=dollars&income=500%2C000&people=1&alternate-plan-family=individual&adult-count=1&adults%5B0%5D%5Bage%5D=AGENUM&adults%5B0%5D%5Btobacco%5D=0&child-count=0",560,560,560,560,560
"540","BURLINGTON","VT","05401",44743,7,15.8,31.4,12.9,8.2,8.6,8.4,5.1,2.6,"Urban","https://www.kff.org/interactive/subsidy-calculator/#state=vt&zip=05401&income-type=dollars&income=500%2C000&people=1&alternate-plan-family=individual&adult-count=1&adults%5B0%5D%5Bage%5D=AGENUM&adults%5B0%5D%5Btobacco%5D=0&child-count=0",1277,1277,1277,1277,1277
"541","SOUTH BURLINGTON","VT",NA,20292,9.8,9.8,14.3,15.2,12.4,12.8,12.1,8.1,5.5,"Urban",NA,NA,NA,NA,NA,NA
"67","DOLGEVILLE","NY",NA,2042,11.4,13.6,9.3,12.1,12.4,10.1,16.2,9.1,5.7,"Rural",NA,NA,NA,NA,NA,NA
"68","PALMYRA","NY",NA,3305,10.6,12.8,13.3,12.7,12.4,12.9,14.3,8,3.1,"Rural",NA,NA,NA,NA,NA,NA
"91","MILTON","VT",NA,3804,10.7,12.9,11.7,13.7,11.9,15.7,13.6,7.2,2.5,"Rural",NA,NA,NA,NA,NA,NA
"921","PROCTOR","VT",NA,1565,10.6,12,10.5,12.3,12,14.7,15.8,8.8,3.3,"Rural",NA,NA,NA,NA,NA,NA
